ID	Type
RXN-6021	RXN
DEOXYRIBOSE-P-ALD-RXN	RXN
THREONINE-ALDOLASE-RXN	RXN
ALATA_L2	RXN
R00945	RXN
R02300_copy1	RXN
R02300_copy2	RXN
THRA2	RXN
RXN0-5240	RXN
4HTHRA	RXN
SIROHEME-FERROCHELAT-RXN	RXN
DIMETHUROPORDEHYDROG-RXN	RXN
RXN-13403	RXN
RXN0-1461	RXN
GLUTATHIONE-REDUCT-NADPH-RXN	RXN
DHORD2	RXN
DHORD5	RXN
GLYCTO2	RXN
GLYCTO4	RXN
GLYCTO3	RXN
PFK	RXN
TAGAKIN-RXN	RXN
RXN0-6541	RXN
RXN0-2381	RXN
TRYPSYN-RXN	RXN
RXN0-2382	RXN
G3PD5	RXN
BRANCHED-CHAINAMINOTRANSFERLEU-RXN	RXN
BRANCHED-CHAINAMINOTRANSFERILEU-RXN	RXN
TYROSINE-AMINOTRANSFERASE-RXN	RXN
PHEAMINOTRANS-RXN	RXN
BRANCHED-CHAINAMINOTRANSFERVAL-RXN	RXN
SHIKIMATE-5-DEHYDROGENASE-RXN	RXN
GLUTSEMIALDEHYDROG-RXN	RXN
RIBOFLAVINSYNDEAM-RXN	RXN
RIBOFLAVINSYNREDUC-RXN	RXN
R07281	RXN
FADSYN-RXN	RXN
RIBOFLAVINKIN-RXN	RXN
RXN0-5187	RXN
RIBOPHOSPHAT-RXN	RXN
RIBOFLAVIN-SYN-RXN	RXN
FPPSYN-RXN	RXN
GPPSYN-RXN	RXN
UROGENIIISYN-RXN	RXN
UROGENDECARBOX-RXN	RXN
URA-PHOSPH-RXN	RXN
THYM-PHOSPH-RXN	RXN
RXN0-5224	RXN
IMPCYCLOHYDROLASE-RXN	RXN
R04560	RXN
IMP-DEHYDROG-RXN	RXN
RXN-11667	RXN
RXN-12490	RXN
RXN-14273	RXN
R04745	RXN
RXN-12567	RXN
RXN-12570	RXN
R04170	RXN
CTECOAI8	RXN
R04746	RXN
R04741	RXN
RXN-14272	RXN
HACD8	RXN
RXN-14271	RXN
CTECOAI6	RXN
ECOAH8	RXN
RXN-11662	RXN
RXN-13616	RXN
CTECOAI7	RXN
RXN-12507	RXN
R05578	RXN
THI-P-SYN-RXN	RXN
HYPOXANPRIBOSYLTRAN-RXN	RXN
GUANPRIBOSYLTRAN-RXN	RXN
XANPRIBOSYLTRAN-RXN	RXN
DCDPKIN-RXN	RXN
DGDPKIN-RXN	RXN
RXN-14074	RXN
DEOXYADENYLATE-KINASE-RXN	RXN
UDPKIN-RXN	RXN
ADENYL-KIN-RXN	RXN
DTDPKIN-RXN	RXN
DUDPKIN-RXN	RXN
ADENOSINE-KINASE-RXN	RXN
CDPKIN-RXN	RXN
DADPKIN-RXN	RXN
ADK4	RXN
GDPKIN-RXN	RXN
DIHYDROOROT-RXN	RXN
OROTPDECARB-RXN	RXN
CITSYN-RXN	RXN
ACETALD-DEHYDROG-RXN	RXN
INORGPYROPHOSPHAT-RXN	RXN
TRIPHOSPHATASE-RXN	RXN
RXN-14025_copy1	RXN
AMP-DEPHOSPHORYLATION-RXN_copy1	RXN
RXN-14026_copy1	RXN
NTD12	RXN
RXN-14143_copy1	RXN
RXN-7607_copy1	RXN
RXN0-5292_copy1	RXN
RXN-14161_copy1	RXN
XMPXAN-RXN_copy1	RXN
RXN-14142_copy1	RXN
RXN-7609_copy1	RXN
THYMIDYLATE-5-PHOSPHATASE-RXN_copy1	RXN
PEPCARBOXYKIN-RXN	RXN
1.1.1.39-RXN	RXN
ALARACECAT-RXN	RXN
ALANINE-AMINOTRANSFERASE-RXN	RXN
RXN0-382	RXN
XYLULOKIN-RXN	RXN
GLYCEROL-KIN-RXN	RXN
D-PPENTOMUT-RXN	RXN
RXN-14456	RXN
ASPAMINOTRANS-RXN	RXN
CYSTEINE-AMINOTRANSFERASE-RXN	RXN
PEPDEPHOS-RXN	RXN
R00659	RXN
RXN-14117	RXN
R00572	RXN
PYK6	RXN
DARAB5PISOM-RXN	RXN
3-ISOPROPYLMALISOM-RXN	RXN
RXN-8991	RXN
ACETOLACTSYN-RXN	RXN
ACETOOHBUTSYN-RXN	RXN
2.5.1.19-RXN	RXN
ANTHRANSYN-RXN	RXN
PRTRANS-RXN	RXN
CHORISMATEMUT-RXN	RXN
PREPHENATEDEHYDRAT-RXN	RXN
CHORISMATE-SYNTHASE-RXN	RXN
PRAISOM-RXN	RXN
IGPSYN-RXN	RXN
2PGADEHYDRAT-RXN	RXN
METHGLYSYN-RXN	RXN
PEPSYNTH-RXN	RXN
PGLUCISOM-RXN	RXN
PHOSGLYPHOS-RXN	RXN
KDPGALDOL-RXN	RXN
OXALODECARB-RXN	RXN
RIBULP3EPIM-RXN	RXN
TRANSALDOL-RXN	RXN
2TRANSKETO-RXN	RXN
TKT1	RXN
ALCOHOL-DEHYDROG-RXN	RXN
R01036	RXN
RXN0-3962	RXN
ALDD3y	RXN
NADPYROPHOSPHAT-RXN	RXN
2.7.7.1-RXN	RXN
NICONUCADENYLYLTRAN-RXN	RXN
PYRIMSYN3-RXN	RXN
OHMETPYRKIN-RXN	RXN
RXN0-5199	RXN
DEOXYADENPHOSPHOR-RXN	RXN
DEOXYINOPHOSPHOR-RXN	RXN
ADENPHOSPHOR-RXN	RXN
INOPHOSPHOR-RXN	RXN
DEOXYGUANPHOSPHOR-RXN	RXN
RXN0-3543	RXN
GUANOSINE-DIPHOSPHATASE-RXN	RXN
RXN0-3542	RXN
OROPRIBTRANS-RXN	RXN
R04457	RXN
DIHYDROXYMETVALDEHYDRAT-RXN	RXN
DIHYDROXYISOVALDEHYDRAT-RXN	RXN
FRD3	RXN
FRD2	RXN
PTAALT-RXN	RXN
PHOSACETYLTRANS-RXN	RXN
ACETATEKIN-RXN	RXN
KDOTRANS-RXN	RXN
KDOTRANS2-RXN	RXN
RXN-9138	RXN
LIPIDXSYNTHESIS-RXN	RXN
LIPIDADISACCHARIDESYNTH-RXN	RXN
TETRAACYLDISACC4KIN-RXN	RXN
RXN0-5107	RXN
RXN0-383	RXN
DCTP-PYROPHOSPHATASE-RXN	RXN
RXN-14140	RXN
ATP-PYROPHOSPHATASE-RXN	RXN
RXN0-384	RXN
RXN0-385	RXN
RXN-14139	RXN
NTPTP2	RXN
DGTPTRIPHYDRO-RXN	RXN
3-ISOPROPYLMALDEHYDROG-RXN	RXN
1.1.1.83-RXN	RXN
RXN0-743	RXN
AICARSYN-RXN	RXN
AMPSYN-RXN	RXN
THIOREDOXIN-REDUCT-NADPH-RXN	RXN
GDPREDUCT-RXN	RXN
CDPREDUCT-RXN	RXN
UDPREDUCT-RXN	RXN
DSBDR	RXN
1.8.4.8-RXN	RXN
ADPREDUCT-RXN	RXN
1.8.4.14-RXN_copy1	RXN
1.8.4.14-RXN_copy2	RXN
RXN0-267	RXN
R02101	RXN
P-PANTOCYSDECARB-RXN	RXN
P-PANTOCYSLIG-RXN	RXN
R00944	RXN
PGLUCONDEHYDRAT-RXN	RXN
LYSINE-23-AMINOMUTASE-RXN	RXN
NADH5	RXN
NADH10	RXN
NADH9	RXN
MALATE-DEH-RXN	RXN
FUMHYDR-RXN	RXN
D--TARTRATE-DEHYDRATASE-RXN	RXN
PMPOXI-RXN	RXN
PNPOXI-RXN	RXN
PSERTRANSAMPYR-RXN	RXN
PSERTRANSAM-RXN	RXN
SUCCINYLDIAMINOPIMTRANS-RXN	RXN
R04109	RXN
R07411	RXN
SAMDECARB-RXN	RXN
AGMATIN-RXN	RXN
ARGDECARBOX-RXN_copy1	RXN
ARGSUCCINSYN-RXN	RXN
N-ACETYLGLUTPREDUCT-RXN	RXN
SPERMIDINESYN-RXN	RXN
RXN0-5217	RXN
GSAAMINOTRANS-RXN	RXN
CPM-KDOSYNTH-RXN	RXN
5.4.2.10-RXN	RXN
UAGDP	RXN
G1PACT	RXN
UDPNACETYLGLUCOSAMENOLPYRTRANS-RXN	RXN
GLUTRACE-RXN	RXN
UDPGLCNACEPIM-RXN	RXN
MALONYL-ACPDECARBOX-RXN	RXN
3OAS100	RXN
3-OXOACYL-ACP-SYNTH-BASE-RXN	RXN
3OAS121	RXN
3OAS60	RXN
3OAS120	RXN
3OAS80	RXN
3OAS161	RXN
OPMEACPS	RXN
3OAS160	RXN
3OAS141	RXN
3OAS140	RXN
3OAS180	RXN
2-OCTAPRENYL-6-OHPHENOL-METHY-RXN	RXN
DHHB-METHYLTRANSFER-RXN	RXN
H2PTERIDINEPYROPHOSPHOKIN-RXN	RXN
PANTEPADENYLYLTRAN-RXN	RXN
DXPREDISOM-RXN	RXN
3-OCTAPRENYL-4-OHBENZOATE-DECARBOX-RXN	RXN
ACETYLORNTRANSAM-RXN	RXN
GABATRANSAM-RXN	RXN
SUCCSEMIALDDEHYDROG-RXN	RXN
SUCCINATE-SEMIALDEHYDE-DEHYDROGENASE-RXN	RXN
4.3.1.17-RXN	RXN
THREODEHYD-RXN	RXN
2-DEHYDROPANTOATE-REDUCT-RXN	RXN
ACETOOHBUTREDUCTOISOM-RXN	RXN
ACETOLACTREDUCTOISOM-RXN	RXN
ACETYL-COA-CARBOXYLTRANSFER-RXN	RXN
NAD-KIN-RXN	RXN
ISOCHORMAT-RXN	RXN
GLYOXI-RXN	RXN
3.1.3.68-RXN	RXN
MN6PP	RXN
E4PP	RXN
3.1.3.74-RXN	RXN
RXN66-526	RXN
F6PP	RXN
DXS-RXN	RXN
2.7.1.148-RXN	RXN
RXN0-302	RXN
DEOXYGLUCONOKIN-RXN	RXN
PHOSMANMUT-RXN	RXN
R00479	RXN
R01221	RXN
PYRUVDEH-RXN	RXN
2OXOGLUTARATEDEH-RXN	RXN
MMUM-RXN	RXN
HOMOCYSTEINE-S-METHYLTRANSFERASE-RXN	RXN
TRE6PHYDRO-RXN	RXN
R00345	RXN
GTP-CYCLOHYDRO-II-RXN	RXN
SADT2	RXN
MANNONOXIDOREDUCT-RXN	RXN
GPH-RXN	RXN
GLYOCARBOLIG-RXN	RXN
KDGALDOL-RXN	RXN
3OAS181	RXN
EDTXS3	RXN
QUINOPRIBOTRANS-RXN	RXN
AACPS6	RXN
ACPPAT140	RXN
ACP-S-ACETYLTRANSFER-RXN	RXN
MALONYL-COA-ACP-TRANSACYL-RXN	RXN
AACPS7	RXN
ACPPAT181	RXN
ACPPAT160	RXN
ACPPAT141	RXN
AACPS4	RXN
ACPPAT180	RXN
AACPS2	RXN
ACPPAT120	RXN
ACPPAT161	RXN
AACPS3	RXN
AACPS5	RXN
AACPS1	RXN
UDPNACETYLGLUCOSAMACYLTRANS-RXN	RXN
AACPS9	RXN
AACPS8	RXN
2AGPEAT181	RXN
2AGPEAT120	RXN
2AGPEAT141	RXN
2AGPEAT180	RXN
2AGPGAT180	RXN
2AGPEAT161	RXN
2AGPGAT181	RXN
2AGPGAT160	RXN
2AGPGAT141	RXN
2AGPEAT140	RXN
2AGPGAT161	RXN
2AGPEAT160	RXN
2AGPGAT120	RXN
2AGPGAT140	RXN
SUCCDIAMINOPIMDESUCC-RXN	RXN
RIBAZOLEPHOSPHAT-RXN	RXN
ADENPRIBOSYLTRAN-RXN	RXN
RXN-8992	RXN
CATAL-RXN	RXN
RXN-10819	RXN
GP4GH	RXN
RXN-10966	RXN
3.6.1.41-RXN	RXN
RXN0-4342	RXN
GMHEPK	RXN
UDCPDP	RXN
RXN-11832	RXN
RXN-7913	RXN
RXN-12002	RXN
GMKALT-RXN	RXN
GUANYL-KIN-RXN	RXN
ACETOACETYL-COA-TRANSFER-RXN	RXN
HXCT	RXN
BUTCT	RXN
DTDPGLUCOSEPP-RXN	RXN
DTDPGLUCDEHYDRAT-RXN	RXN
DTDPDEHYDRHAMEPIM-RXN	RXN
DTDPDEHYRHAMREDUCT-RXN	RXN
UDPNACETYLMURAMATEDEHYDROG-RXN	RXN
GMHEPPA	RXN
RXN0-4301	RXN
NADPH-DEHYDROGENASE-FLAVIN-RXN	RXN
RXN-12444	RXN
R09750	RXN
RXN-8506	RXN
RXN-9510	RXN
FE3Ri	RXN
GTPPYPHOSKIN-RXN	RXN
GDPPYPHOSKIN-RXN	RXN
PROTOHEMEFERROCHELAT-RXN	RXN
4OHBENZOATE-OCTAPRENYLTRANSFER-RXN	RXN
DEPHOSPHOCOAKIN-RXN	RXN
THIAZOLSYN3-RXN	RXN
R03254	RXN
KDO-8PPHOSPHAT-RXN	RXN
ARGININE-N-SUCCINYLTRANSFERASE-RXN	RXN
SUCCGLUDESUCC-RXN	RXN
GSPSYN-RXN	RXN
GSPAMID-RXN	RXN
GUANINE-DEAMINASE-RXN	RXN
DTMPKI-RXN	RXN
PHOSPHOGLUCMUT-RXN	RXN
F1PP	RXN
RXN0-7249	RXN
R5PP	RXN
GNP	RXN
FRUK	RXN
RIBOSYLHOMOCYSTEINASE-RXN	RXN
R02566	RXN
BADH-RXN	RXN
PYRNUTRANSHYDROGEN-RXN	RXN
ACPS1	RXN
GMP-SYN-GLUT-RXN	RXN
GMP-SYN-NH3-RXN	RXN
PABASYN-RXN	RXN
ADCLY-RXN	RXN
CHORPYRLY-RXN	RXN
URACIL-PRIBOSYLTRANS-RXN	RXN
CTPSYN-RXN	RXN
PAPPT3	RXN
UAGPT3	RXN
5.1.3.20-RXN	RXN
RXN0-300	RXN
GLYCOLATE-REDUCTASE-RXN	RXN
GLYCERATE-DEHYDROGENASE-RXN	RXN
GLYOXYLATE-REDUCTASE-NADP+-RXN	RXN
ACETYLORNDEACET-RXN	RXN
ADDALT-RXN	RXN
ADENODEAMIN-RXN	RXN
ADENYLOSUCCINATE-SYNTHASE-RXN	RXN
NAG6PDEACET-RXN	RXN
ASPARAGHYD-RXN	RXN
ASPCARBTRANS-RXN	RXN
DMPPS	RXN
IPDPS	RXN
DIAMINOPIMEPIM-RXN	RXN
DHDPRy	RXN
SUCCORNTRANSAM-RXN	RXN
THRESYN-RXN	RXN
DAHPSYN-RXN	RXN
NMNAMIDOHYDRO-RXN	RXN
PYRROLINECARBDEHYDROG-RXN	RXN
PROD3	RXN
SPERMACTRAN-RXN	RXN
RXN0-7165	RXN
MALSYN-RXN	RXN
ADPRDP	RXN
R00844	RXN
FUCPALDOL-RXN	RXN
ACCOAL	RXN
GLUC1PURIDYLTRANS-RXN	RXN
UDPHYDROXYMYRGLUCOSAMNACETYLTRANS-RXN	RXN
UAAGDS	RXN
UDP-NACMUR-ALA-LIG-RXN	RXN
UDP-NACMURALA-GLU-LIG-RXN	RXN
UREIDOGLYCOLATE-HYDROLASE-RXN	RXN
R02601	RXN
R00750	RXN
RXN-10040	RXN
MHPHYDROXY-RXN	RXN
ASPDECARBOX-RXN	RXN
UGMDDS	RXN
UDPACYLGLCNACDEACETYL-RXN	RXN
ATPPHOSPHORIBOSYLTRANS-RXN	RXN
RXN-8001	RXN
IMIDPHOSDEHYD-RXN	RXN
HISTIDPHOS-RXN	RXN
PRPPS	RXN
PRIBFAICARPISOM-RXN	RXN
SERINE-O-ACETTRAN-RXN	RXN
ACSERLY-RXN	RXN
325-BISPHOSPHATE-NUCLEOTIDASE-RXN	RXN
PAPSR2	RXN
ASPARTATE-SEMIALDEHYDE-DEHYDROGENASE-RXN	RXN
DIAMINOPIMDECARB-RXN	RXN
S-ADENMETSYN-RXN	RXN
COBINPGUANYLYLTRANS-RXN	RXN
COBINAMIDEKIN-RXN	RXN
COBALAMINSYN-RXN	RXN
THI-P-KIN-RXN	RXN
MHPCHYDROL-RXN	RXN
R06789	RXN
GKI-RXN	RXN
AIRC2	RXN
GLUCOKIN-RXN	RXN
MALIC-NADP-RXN	RXN
ARGSUCCINLYA-RXN	RXN
CARBPSYN-RXN	RXN
GLUTKIN-RXN	RXN
2-ISOPROPYLMALATESYN-RXN	RXN
2.3.1.180-RXN	RXN
OGMEACPS	RXN
SUPEROX-DISMUT-RXN_copy1	RXN
ADENOSYLHOMOCYSTEINE-NUCLEOSIDASE-RXN	RXN
METHYLTHIOADENOSINE-NUCLEOSIDASE-RXN	RXN
RXN0-6550	RXN
R01251	RXN
THIOSULFATE-SULFURTRANSFERASE-RXN	RXN
MERCAPYSTRANS-RXN	RXN
DETHIOBIOTIN-SYN-RXN	RXN
DCTP-DEAM-RXN	RXN
DHDPS	RXN
CYTDEAM-RXN	RXN
L-GLN-FRUCT-6-P-AMINOTRANS-RXN	RXN
GLUTCYSLIG-RXN	RXN
GLUTAMIN-RXN	RXN
PRPPAMIDOTRANS-RXN	RXN
RXN-13854	RXN
ORNCARBAMTRANSFER-RXN	RXN
R04325	RXN
3.1.4.2-RXN_copy1	RXN
RXN-14160_copy1	RXN
RXN-14073_copy1	RXN
RXN-14136_copy1	RXN
3.1.4.44-RXN_copy1	RXN
METHYLISOCITRATE-LYASE-RXN	RXN
SUCCGLUALDDEHYD-RXN	RXN
PDX5PS	RXN
PORPHOBILSYNTH-RXN	RXN
GLYRIBONUCSYN-RXN	RXN
PRFGS	RXN
ETHAMLY-RXN	RXN
MANNPGUANYLTRANGDP-RXN	RXN
RXN0-5408	RXN
GLYCEROL-2-PHOSPHATASE-RXN	RXN
2-METHYLCITRATE-SYNTHASE-RXN	RXN
RXN0-5462	RXN
RXN0-5073	RXN
RXN-12195	RXN
ATPASE-RXN	RXN
GLU6PDEHYDROG-RXN	RXN
R01226	RXN
UGD-RXN	RXN
UDPMANNACADEHYDROG-RXN	RXN
GLUTDECARBOX-RXN	RXN
R01286	RXN
O-SUCCHOMOSERLYASE-RXN	RXN
ACACT3r	RXN
RXN-14268	RXN
ACACT5r	RXN
RXN-13617	RXN
ACACT8r	RXN
2.3.1.155-RXN	RXN
RXN-12565	RXN
ACETYL-COA-ACETYLTRANSFER-RXN	RXN
RXN0-5114	RXN
ARHGDx	RXN
PGLYCDEHYDROG-RXN	RXN
RXN-16701	RXN
GTP-CYCLOHYDRO-I-RXN	RXN
DIHYDROFOLATESYNTH-RXN	RXN
R00946	RXN
SAICARSYN-RXN	RXN
RXN0-5289	RXN
PPK2	RXN
PPK	RXN
R07168	RXN
L-ASPARTATE-OXID-RXN	RXN
ASPO3	RXN
ASPO4	RXN
RXN-9772	RXN
H2PTEROATESYNTH-RXN	RXN
R01220	RXN
R01655	RXN
QUINOLINATE-SYNTHA-RXN	RXN
L_LACD2	RXN
L_LACD3	RXN
GLCTR1	RXN
3HPADHi	RXN
R07418	RXN
RXN0-3942	RXN
R05724	RXN
R05725	RXN
AGM4PA	RXN
AGM3PA	RXN
AM4PA	RXN
AM3PA	RXN
RXN-6622	RXN
AMPTASEPG	RXN
RXN0-6981	RXN
GRXR	RXN
RNDR1b	RXN
RNDR3b	RXN
RNDR2b	RXN
RNDR4b	RXN
BTUR2-RXN	RXN
COBALADENOSYLTRANS-RXN	RXN
FACOAE60	RXN
FACOAE120	RXN
FACOAE141	RXN
FACOAE161	RXN
FACOAE181	RXN
PALMITOYL-COA-HYDROLASE-RXN	RXN
RXN-9624	RXN
FACOAE140	RXN
FACOAE100	RXN
FACOAE80	RXN
RXN0-6427	RXN
PPGPPSYN-RXN	RXN
GGPTRCS	RXN
RXN0-1602	RXN
RXN0-6382	RXN
RXN0-1603	RXN
O16AT	RXN
RXN0-276	RXN
LCARSyi	RXN
RXN-15743	RXN
HISTAMINOTRANS-RXN	RXN
GLUCONOKIN-RXN	RXN
OHMETHYLBILANESYN-RXN	RXN
2.7.7.60-RXN	RXN
GLUTDEHYD-RXN	RXN
GLUTAMATESYN-RXN	RXN
DAAD	RXN
GLYOXII-RXN	RXN
RXN-7682	RXN
RXN0-901	RXN
DMBPPRIBOSYLTRANS-RXN	RXN
ERYTH4PDEHYDROG-RXN	RXN
GLUTAMIDOTRANS-RXN	RXN
DUTP-PYROP-RXN	RXN
THREDEHYD-RXN	RXN
2.7.9.3-RXN	RXN
ANHMK	RXN
R00939	RXN
SHIKIMATE-KINASE-RXN	RXN
SUCCARGDIHYDRO-RXN	RXN
DAPASYN-RXN	RXN
N-ACETYLTRANSFER-RXN	RXN
RXN0-5038	RXN
CDGUNPD	RXN
35-CYCLIC-GMP-PHOSPHODIESTERASE-RXN	RXN
DALADALALIG-RXN	RXN
SUCCCOASYN-RXN	RXN
PANTOATE-BETA-ALANINE-LIG-RXN	RXN
3-DEHYDROQUINATE-SYNTHASE-RXN	RXN
3PGAREARR-RXN	RXN
TRIOSEPISOMERIZATION-RXN	RXN
RPI	RXN
ERYTHRON4PDEHYDROG-RXN	RXN
AGM3PH	RXN
AGMH	RXN
AGM4PH	RXN
DSERDHr	RXN
RXN-16000	RXN
RXN0-2201	RXN
RXN-8974	RXN
GLUTAMINESYN-RXN	RXN
GLUTATHIONE-SYN-RXN	RXN
RXN0-1863	RXN
RXN0-4281	RXN
RXN0-5061	RXN
HEPT3	RXN
S2FE2SR	RXN
S2FE2SS2	RXN
S2FE2SS	RXN
R00863	RXN
SCYSDS	RXN
HEMN-RXN	RXN
PRAIS	RXN
DIHYDROURACIL-DEHYDROGENASE-NAD+-RXN	RXN
GALACTONDEHYDRAT-RXN	RXN
DLACTDEHYDROGNAD-RXN	RXN
3HAD121	RXN
4.2.1.59-RXN	RXN
R04544	RXN
3HAD40	RXN
3HAD161	RXN
R07764	RXN
R04965	RXN
R04954	RXN
T2DECAI	RXN
3HAD141	RXN
R04535	RXN
RXN-9537	RXN
3HAD181	RXN
EAR60x	RXN
EAR160y	RXN
R10118	RXN
EAR161x	RXN
EAR121x	RXN
EAR120x	RXN
EAR60y	RXN
EAR180x	RXN
EAR141x	RXN
EAR80y	RXN
EAR80x	RXN
EAR121y	RXN
EAR181y	RXN
EAR40y	RXN
EAR140y	RXN
EAR40x	RXN
EAR141y	RXN
EAR100x	RXN
EAR140x	RXN
EAR180y	RXN
EAR161y	RXN
EAR181x	RXN
EAR100y	RXN
EAR160x	RXN
EAR120y	RXN
R10122	RXN
DASYN141	RXN
DASYN181	RXN
DASYN120	RXN
DASYN140	RXN
DASYN160	RXN
DASYN161	RXN
DASYN180	RXN
PGSA141	RXN
PGSA160	RXN
PGSA161	RXN
PGSA120	RXN
PGSA140	RXN
PGSA181	RXN
PGSA180	RXN
OGMEACPR	RXN
R04953	RXN
3OAR141	RXN
3OAR40	RXN
R04543	RXN
3OAR161	RXN
RXN-9524	RXN
3OAR121	RXN
3OAR180	RXN
RXN-9536	RXN
R04964	RXN
OPMEACPR	RXN
RXN-9528	RXN
3OAR181	RXN
CFAS180E	RXN
CFAS160E	RXN
CFAS160G	RXN
CFAS180G	RXN
PGPP180	RXN
PGPP140	RXN
PGPP161	RXN
PGPP181	RXN
PGPP120	RXN
PGPP141	RXN
PGPP160	RXN
RXN0-305	RXN
GGPTRCO	RXN
ADOMET-DMK-METHYLTRANSFER-RXN	RXN
OMBZLM	RXN
S-FORMYLGLUTATHIONE-HYDROLASE-RXN	RXN
DMK-RXN	RXN
AMPMS2	RXN
GLUTATHIONE-PEROXIDASE-RXN	RXN
RXN-11481	RXN
RXN-11477	RXN
AGPAT140	RXN
AGPAT120	RXN
AGPAT180	RXN
AGPAT141	RXN
AGPAT181	RXN
AGPAT161	RXN
AGPAT160	RXN
DAGK160	RXN
DAGK161	RXN
DAGK141	RXN
DAGK140	RXN
DAGK180	RXN
DAGK120	RXN
DAGK181	RXN
PSD180	RXN
PSD181	RXN
PSD160	RXN
PSD141	RXN
PSD120	RXN
PSD140	RXN
PSD161	RXN
SUCDi	RXN
R01900	RXN
ACONITATEDEHYDR-RXN	RXN
4.2.1.99-RXN	RXN
NADH-PEROXIDASE-RXN	RXN
R03990	RXN
ACOAD8f	RXN
ACOAD4f	RXN
R03777	RXN
R01279	RXN
R03857	RXN
R01175	RXN
ACOAD2f	RXN
FA100ACPHi	RXN
FA120ACPHi	RXN
FA140ACPHi	RXN
FA160ACPHi	RXN
FA161ACPHi	RXN
FA141ACPHi	RXN
FA80ACPHi	RXN
UM4PL	RXN
UM3PL	RXN
RXN0-5229	RXN
MALCOAMT	RXN
DGUNC	RXN
LDGUNPD	RXN
RXN-8344	RXN
ICYSDS	RXN
MOADSUx	RXN
OXDHCOAT	RXN
REPHACCOAI	RXN
APG3PAT160	RXN
APG3PAT181	RXN
APG3PAT140	RXN
APG3PAT180	RXN
APG3PAT120	RXN
APG3PAT161	RXN
APG3PAT141	RXN
S4FE4SR	RXN
S4FE4ST	RXN
S2FE2ST	RXN
BWCOS	RXN
WCOS	RXN
BMOCOS	RXN
MOCOS	RXN
BMOGDS2	RXN
BMOGDS1	RXN
BWCOGDS1	RXN
MOGDS	RXN
BWCOGDS2	RXN
DHNPTE	RXN
H2NEOPTERINALDOL-RXN	RXN
BTS5	RXN
RXN-12093	RXN
RXN0-4022	RXN
RXN0-6460	RXN
POAACR	RXN
APH180	RXN
APH181	RXN
APH120	RXN
APH140	RXN
APH141	RXN
APH161	RXN
APH160	RXN
RXN-11319	RXN
PACCOAE	RXN
RXN-3641	RXN
RXN0-2044	RXN
MPTS	RXN
RXN-11484	RXN
RXN-11483	RXN
RXN0-6511	RXN
DHACOAH	RXN
MPTSS	RXN
CPMPS	RXN
LIPOCT	RXN
LIPOS	RXN
RXN0-5208	RXN
4-HYDROXYBUTYRATE-DEHYDROGENASE-RXN	RXN
3SLAR	RXN
SHGO	RXN
NADPHXD	RXN
NADHXD	RXN
NADPHXE	RXN
NADHXE	RXN
FE3DCITR5	RXN
FEENTERR4	RXN
FE3DHBZS3R	RXN
ALLTAMH2	RXN
UGCIAMH	RXN
ACOAD1fr	RXN
ALR2x	RXN
OMPHHXy	RXN
ACOXT	RXN
2HESR	RXN
CHOLID	RXN
4ABZGLUH	RXN
PHDA	RXN
PACOAT	RXN
HPACOAT	RXN
DHCURR	RXN
CURR	RXN
METNA	RXN
HPYRP	RXN
PNSPA	RXN
UDPGPT	RXN
OMMBLHXy	RXN
OPHHXy	RXN
2HPTCOAT	RXN
CXSAMS	RXN
SQGH	RXN
2-HALOACID-DEHALOGENASE-RXN	RXN
3.5.99.5-RXN	RXN
RXN-12463	RXN
RXN-18709	RXN
1TRANSKETO-RXN	RXN
GLYCPDIESTER-RXN	RXN
RXN-17783	RXN
MANNPISOM-RXN	RXN
RXN0-1342	RXN
PYRUVATE-CARBOXYLASE-RXN	RXN
RXN0-2161	RXN
RXN0-7272	RXN
TRNA-GUANINE-N7--METHYLTRANSFERASE-RXN	RXN
RXN-2462	RXN
RXN0-7167	RXN
GLUTAMINE--TRNA-LIGASE-RXN	RXN
RXN-17775	RXN
RXN-6261	RXN
RXN-15782	RXN
RXN0-7090	RXN
RXN-16242	RXN
RXN0-7230	RXN
ALANINE--TRNA-LIGASE-RXN	RXN
RXN0-7119	RXN
GLUCOSAMINE-KINASE-RXN	RXN
CYSTATHIONINE-BETA-LYASE-RXN	RXN
RXN-11838	RXN
PROLINE-RACEMASE-RXN	RXN
RXN-15744	RXN
RXN-13826	RXN
RXN-18586	RXN
RXN0-6952	RXN
RXN0-7008	RXN
PNP-RXN	RXN
1.2.1.54-RXN	RXN
RXN-14255	RXN
RXN-16649	RXN
ACETYLPUTRESCINE-DEACETYLASE-RXN	RXN
SULFOCYS-RXN	RXN
PHOSPHATE-BUTYRYLTRANSFERASE-RXN	RXN
RXN-9307	RXN
RXN-8340	RXN
RXN-14197	RXN
RXN-14667	RXN
CARDIOLIPSYN-RXN	RXN
RXN0-5418	RXN
CDPDIGLYSYN-RXN	RXN
KYNURENINASE-RXN	RXN
5.4.1.2-RXN	RXN
RXN0-5515	RXN
RXN-7644	RXN
5.1.1.18-RXN	RXN
RIB5PISOM-RXN	RXN
RXN-11213	RXN
ENZRXN-201-RXN	RXN
3-HYDROXYISOBUTYRATE-DEHYDROGENASE-RXN	RXN
NUCLEOSIDE-DIP-KIN-RXN	RXN
RXN-13089	RXN
3-NUCLEOTID-RXN	RXN
RXN0-5144	RXN
4.3.1.21-RXN	RXN
RXN0-5223	RXN
5-METHYLTHIORIBOSE-KINASE-RXN	RXN
BETA-LACTAMASE-RXN	RXN
RXN-16493	RXN
RXN-11601	RXN
RXN-8673	RXN
RXN-12558	RXN
ARYLFORMAMIDASE-RXN	RXN
RXN-16009	RXN
HISTIDINE-AMMONIA-LYASE-RXN	RXN
RXN0-4181	RXN
RXNQT-4165	RXN
2.1.1.130-RXN	RXN
RXN-11574	RXN
RXN-17899	RXN
R146-RXN	RXN
RXN0-3901	RXN
DIACYLGLYKIN-RXN	RXN
GSDEADENYLATION-RXN	RXN
RXN-17848	RXN
VALINE--TRNA-LIGASE-RXN	RXN
2.7.7.13-RXN	RXN
R101-RXN	RXN
RXN-15878	RXN
2-AMINOADIPATE-AMINOTRANSFERASE-RXN	RXN
UDP-NACMURALGLDAPLIG-RXN	RXN
RXN-9031	RXN
3.4.11.2-RXN	RXN
RXN-19193	RXN
D-XYLULOSE-REDUCTASE-RXN	RXN
RXN-16881	RXN
RXN-17796	RXN
RXN0-262	RXN
RXN-11014	RXN
RXN-17809	RXN
METHIONINE-RACEMASE-RXN	RXN
RXN0-7349	RXN
RXN-16807	RXN
1.8.98.1-RXN	RXN
RXN-14382	RXN
RXN-17788	RXN
RXN-6383	RXN
3.5.2.17-RXN	RXN
3.5.1.80-RXN	RXN
RXN0-7104	RXN
1.3.1.2-RXN	RXN
RXN-11835	RXN
RXN-11867	RXN
RXN-9384	RXN
THIOESTER-RXN	RXN
PHOSPHONOACETALDEHYDE-HYDROLASE-RXN	RXN
LUMAZINESYN-RXN	RXN
GAPOXNPHOSPHN-RXN	RXN
LEUCINE--TRNA-LIGASE-RXN	RXN
RXN0-6677	RXN
RXN0-6727	RXN
L-LACTDEHYDROGFMN-RXN	RXN
RXN-1224	RXN
PHOSPHAGLYPSYN-RXN	RXN
RXN0-6562	RXN
RXN-15089	RXN
RXN-20896	RXN
7KAPSYN-RXN	RXN
RXN0-6515	RXN
CDP-GLUCOSE-46-DEHYDRATASE-RXN	RXN
RXN-14142	RXN
5.3.3.14-RXN	RXN
RXN0-5390	RXN
RXN-14129	RXN
RXN-12614	RXN
ISOCITRATE-DEHYDROGENASE-NAD+-RXN	RXN
RXN0-5195	RXN
RXN-19306	RXN
RXN-14090	RXN
2.8.3.7-RXN	RXN
ASPARTATE--TRNA-LIGASE-RXN	RXN
RXN-11598	RXN
HOMOGENTISATE-12-DIOXYGENASE-RXN	RXN
RXN-17006	RXN
RXN-19256	RXN
RXNQT-4345	RXN
R223-RXN	RXN
RXN-8163	RXN
RXN-11589	RXN
HISTPRATPHYD-RXN	RXN
2.7.8.24-RXN	RXN
NACGLCTRANS-RXN	RXN
2-OCTAPRENYLPHENOL-HYDROX-RXN	RXN
UROCANATE-HYDRATASE-RXN	RXN
AMP-NUCLEOSID-RXN	RXN
3.2.2.23-RXN	RXN
AMINO-CARBOXYMUCONATE-SEMIALDEHYDE-RXN	RXN
RXN0-3241	RXN
UREASE-RXN	RXN
RXN0-2281	RXN
RXN0-884	RXN
RXN-11475	RXN
RXN-17392	RXN
METHYLGLUTACONYL-COA-HYDRATASE-RXN	RXN
METHIONINE--TRNA-LIGASE-RXN	RXN
RXN0-2023	RXN
RXN-8964	RXN
RXN-18660	RXN
ALANINE-DEHYDROGENASE-RXN	RXN
RXN-16813	RXN
TRNA-PSEUDOURIDINE-SYNTHASE-I-RXN	RXN
RXN0-7173	RXN
RXN-13329	RXN
AIRS-RXN	RXN
RXN-11840	RXN
RXN-12299	RXN
RXN-17701	RXN
RXN-21018	RXN
RXN0-6998	RXN
RXN-16660	RXN
1.2.1.32-RXN	RXN
LEUCYLTRANSFERASE-RXN	RXN
RXN-15127	RXN
CHD-RXN	RXN
RXN0-6722	RXN
SULFATE-ADENYLYLTRANS-RXN	RXN
L-IDITOL-2-DEHYDROGENASE-RXN	RXN
RXN-12752	RXN
ACETOACETYL-COA-HYDROLASE-RXN	RXN
SUPEROX-DISMUT-RXN	RXN
L-PIPECOLATE-OXIDASE-RXN	RXN
RXN-12246	RXN
RXN0-6256	RXN
PEPTIDYLPROLYL-ISOMERASE-RXN	RXN
RXN0-6371	RXN
KETOGLUTREDUCT-RXN	RXN
R83-RXN	RXN
RXN-13141	RXN
5.3.1.23-RXN	RXN
FESGSHTHIO-RXN	RXN
RXN-14116	RXN
SERINE--TRNA-LIGASE-RXN	RXN
2.3.1.157-RXN	RXN
RXN-14149	RXN
RXN0-5225	RXN
5-OXOPROLINASE-ATP-HYDROLYSING-RXN	RXN
RXN-7607	RXN
RXN0-5375	RXN
RXN0-5189	RXN
ORNITHINE-GLU-AMINOTRANSFERASE-RXN	RXN
RXN-11638	RXN
RXN-8675	RXN
3-HYDROXYPROPIONATE-DEHYDROGENASE-RXN	RXN
RXN-4314	RXN
OCTAPRENYL-METHYL-METHOXY-BENZOQ-OH-RXN	RXN
RXN1F-20	RXN
RXN-19312	RXN
3-DEHYDROQUINATE-DEHYDRATASE-RXN	RXN
RXN0-5065	RXN
RXN-10699	RXN
DNA-LIGASE-NAD+-RXN	RXN
RXN-18354	RXN
RXN-17951	RXN
R341-RXN	RXN
RXN-19253	RXN
ASPARTATEKIN-RXN	RXN
2.1.1.132-RXN	RXN
RXN-11576	RXN
RXN-18331	RXN
RXN-12560	RXN
RXN-16938	RXN
DIHYDROPYRIMIDINASE-RXN	RXN
RXN-11586	RXN
MYO-INOSOSE-2-DEHYDRATASE-RXN	RXN
3.4.13.9-RXN	RXN
RXN-19245	RXN
2-OCTAPRENYL-6-METHOXYPHENOL-HYDROX-RXN	RXN
DIENOYLCOAREDUCT-RXN	RXN
RXN-20163	RXN
RXN-19195	RXN
2-OXOPENT-4-ENOATE-HYDRATASE-RXN	RXN
1.13.11.6-RXN	RXN
RXN-20141	RXN
UROPORIIIMETHYLTRANSA-RXN	RXN
RXN-12462	RXN
RXN0-3182	RXN
RXN-13945	RXN
1PFRUCTPHOSN-RXN	RXN
RXN-8999	RXN
MHPELY-RXN	RXN
R103-RXN	RXN
RXN0-2101	RXN
AMINOCYL-TRNA-HYDROLASE-RXN	RXN
RXN0-742	RXN
METHYLCROTONYL-COA-CARBOXYLASE-RXN	RXN
RXN0-7309	RXN
PYRIMSYN1-RXN	RXN
RXN-18708	RXN
ALLANTOIN-RACEMASE-RXN	RXN
RXN0-7229	RXN
RXN0-1321	RXN
RXN0-7115	RXN
PROLINE--TRNA-LIGASE-RXN	RXN
PROTOPORGENOXI-RXN	RXN
RXN0-7067	RXN
RXN0-7007	RXN
TRANS-2-ENOYL-COA-REDUCTASE-NAD+-RXN	RXN
ACYL-COA-HYDROLASE-RXN	RXN
RXN-16750	RXN
RXN-11837	RXN
RXN-9386	RXN
RXN-13824	RXN
RXN-20952	RXN
RXN-9892	RXN
RXN0-6950	RXN
RXN-15123	RXN
RXN-20478	RXN
RXN-16665	RXN
RXN-8769	RXN
RXN0-5510	RXN
6.3.5.7-RXN	RXN
KDO-8PSYNTH-RXN	RXN
RXN-19339	RXN
RXN0-5414	RXN
CARBOXYLESTERASE-RXN	RXN
RXN0-5359	RXN
NUCLEOTIDE-PYROPHOSPHATASE-RXN	RXN
RXN0-5185	RXN
RXN-18435	RXN
RXN0-5234	RXN
RXN-11211	RXN
RXN-8672	RXN
RXN-15016	RXN
RXN-13076	RXN
RXN-18397	RXN
RXN-13088	RXN
RXN-11592	RXN
RXN-11573	RXN
RXN-17898	RXN
ARGDECARBOX-RXN	RXN
HISTIDINE--TRNA-LIGASE-RXN	RXN
MYO-INOSITOL-2-DEHYDROGENASE-RXN	RXN
RXNMETA-12672	RXN
RXN-19242	RXN
RXN-8119	RXN
UREIDOGLYCOLATE-LYASE-RXN	RXN
RXN-19192	RXN
4.1.1.81-RXN	RXN
RXN-16880	RXN
RXN0-308	RXN
RXN-11493	RXN
RXN-17847	RXN
RXN-8	RXN
UDP-NACMURALGLDAPAALIG-RXN	RXN
METHYLACYLYLCOA-HYDROXY-RXN	RXN
RXN0-1441	RXN
RXN-10445	RXN
RXN0-2361	RXN
RXN-11006	RXN
RXN0-7285	RXN
1.6.5.7-RXN	RXN
1.1.1.291-RXN	RXN
TRNA-URACIL-5--METHYLTRANSFERASE-RXN	RXN
RXN-11013	RXN
RXN-1961	RXN
RXN-17779	RXN
RXN0-1241	RXN
3.5.1.88-RXN	RXN
GLURS-RXN	RXN
RXN-11866	RXN
RXN-18662	RXN
1.3.1.54-RXN	RXN
CYSTEINE--TRNA-LIGASE-RXN	RXN
PPENTOMUT-RXN	RXN
RXN0-7000	RXN
AGMATINE-DEIMINASE-RXN	RXN
RXN0-7079	RXN
RXN-5901	RXN
RXN-14251	RXN
RXN-11834	RXN
ACETYLHOMOSER-CYS-RXN	RXN
RXN0-6726	RXN
3.1.3.70-RXN	RXN
PHOSNACMURPENTATRANS-RXN	RXN
RXN-15138	RXN
RXN-5183	RXN
RXN-18999	RXN
RXN-11791	RXN
RXN-20426	RXN
RXN0-6512	RXN
RXN0-6676	RXN
PHENYLSERINE-ALDOLASE-RXN	RXN
RXN-12746	RXN
RXN66-1	RXN
PDXJ-RXN	RXN
FGAMSYN-RXN	RXN
RXN-17571	RXN
RXN-20895	RXN
RXN0-6274	RXN
RXN-19335	RXN
SELENOCYSTEINE-LYASE-RXN	RXN
RXN-14570	RXN
5-DEHYDRO-2-DEOXYGLUCONOKINASE-RXN	RXN
BETA-UREIDOPROPIONASE-RXN	RXN
RXN-17005	RXN
RXN-11209	RXN
SARCOX-RXN	RXN
RXN-8667	RXN
IMIDAZOLONEPROPIONASE-RXN	RXN
R502-RXN	RXN
RXN0-5192	RXN
RXN-8182	RXN
DIOHBUTANONEPSYN-RXN	RXN
RXN-14536	RXN
RXN-8162	RXN
RXN-11588	RXN
HISTOLDEHYD-RXN	RXN
2.1.1.77-RXN	RXN
3.4.17.8-RXN	RXN
RXN-12572	RXN
RXN-16457	RXN
RXN-10701	RXN
RXN-19255	RXN
DIHYDRODIPICSYN-RXN	RXN
RXN-11578	RXN
URUR-RXN	RXN
XYLONATE-DEHYDRATASE-RXN	RXN
RXNQT-4178	RXN
4.1.1.77-RXN	RXN
2-OCTAPRENYL-METHOXY-BENZOQ-METH-RXN	RXN
RXN-15375	RXN
AMP-DEPHOSPHORYLATION-RXN	RXN
GLYCOLATEDEHYDRO-RXN	RXN
R-2-METHYLMALATE-DEHYDRATASE-RXN	RXN
RXN0-2661	RXN
RXN-17784	RXN
GLUTRNAREDUCT-RXN	RXN
TYROSINE--TRNA-LIGASE-RXN	RXN
RXN-17792	RXN
PRPPSYN-RXN	RXN
RXN0-7168	RXN
RXN0-7316	RXN
TRYPTOPHAN--TRNA-LIGASE-RXN	RXN
RXN-10996	RXN
RXN-11860	RXN
LYSINE-RACEMASE-RXN	RXN
RXN-18659	RXN
RXN-11176	RXN
RXN-11839	RXN
RXN-17700	RXN
RXN-21017	RXN
RXN0-1147	RXN
1.8.4.12-RXN	RXN
LYSDECARBOX-RXN	RXN
RXN-6883	RXN
RXN-17215	RXN
RXN-11333	RXN
RXN-5841	RXN
RXN0-7010	RXN
RXN-10660	RXN
THREONINE--TRNA-LIGASE-RXN	RXN
4.2.1.58-RXN	RXN
RXN0-5513	RXN
2.3.1.168-RXN	RXN
RXN-13613	RXN
RXN-8629	RXN
RXN-12297	RXN
RXN0-6549	RXN
RXN-10657	RXN
CYTOCHROME-C-OXIDASE-RXN	RXN
RXN-9662	RXN
FRUCTOKINASE-RXN	RXN
RXN-16659	RXN
RXN66-550	RXN
RXN-10654	RXN
RIBONUCLEOSIDE-DIP-REDUCTII-RXN	RXN
RXN-8342	RXN
RXN-16622	RXN
PGLYCEROLTRANSI-RXN	RXN
RXN0-722	RXN
2OXOGLUTDECARB-RXN	RXN
RXN-9659	RXN
RXN-9539	RXN
RXN-9520	RXN
RXN-8771	RXN
PEPCARBOX-RXN	RXN
RXN-12673	RXN
RXN0-5364	RXN
RXN-11482	RXN
ENOYL-ACP-REDUCT-NADPH-RXN	RXN
CHER-RXN	RXN
RXN-15682	RXN
RXN0-2144	RXN
RXN-11217	RXN
RXN-9655	RXN
RXN-9558	RXN
RXN-7716	RXN
RXN-17246	RXN
RXN0-5209	RXN
RXN-11479	RXN
RXN-11476	RXN
RXN-18446	RXN
R82-RXN	RXN
RXN-19311	RXN
RXN-19793	RXN
RXN1G01-46	RXN
GCVP-RXN	RXN
DISULFOXRED-RXN	RXN
INOSINATE-NUCLEOSIDASE-RXN	RXN
RXN0-747	RXN
RXN-18427	RXN
RXN0-20	RXN
RXN-14957	RXN
5-NUCLEOTID-RXN	RXN
2.3.1.41-RXN	RXN
RXN-9555	RXN
1.8.4.13-RXN	RXN
RXN-9533	RXN
RXN-17950	RXN
RXN-17222	RXN
R322-RXN	RXN
RXN-13099	RXN
RXN-10661	RXN
RXN-13614	RXN
RXN-11602	RXN
HOMOSERINE-O-ACETYLTRANSFERASE-RXN	RXN
HYDROG-RXN	RXN
RXN-11637	RXN
HYDROXYMETHYLGLUTARYL-COA-LYASE-RXN	RXN
RXN-8674	RXN
RXN-12559	RXN
R266-RXN	RXN
RXN-14992	RXN
BIOTIN-CARBOXYL-RXN	RXN
RXN-12587	RXN
RXN-15783	RXN
RXN-4313	RXN
RXN0-1138	RXN
RXN-14950	RXN
4.2.99.18-RXN	RXN
RXN-7561	RXN
2.3.1.179-RXN	RXN
RXN-14930	RXN
RXN-13259	RXN
THIOSULFATE-DEHYDROGENASE-RXN	RXN
RXN0-5063	RXN
RXN-10658	RXN
RXN-16626	RXN
HOMOCYSMET-RXN	RXN
FLAVONADPREDUCT-RXN	RXN
RXN-9092	RXN
CYTOCHROME-C-PEROXIDASE-RXN	RXN
RXN0-4401	RXN
RXN0-1132	RXN
RXN-7253	RXN
RXN-9663	RXN
RXN-19252	RXN
2.1.1.131-RXN	RXN
XMPXAN-RXN	RXN
RXN-17272	RXN
R147-RXN	RXN
THIAZOLSYN2-RXN	RXN
RXN-18330	RXN
RXN0-3921	RXN
RXN-10655	RXN
RXNQT-4174	RXN
RXN-16937	RXN
2.7.1.157-RXN	RXN
RXN-14461	RXN
R102-RXN	RXN
RXN0-279	RXN
RXN-15881	RXN
4-HYDROXY-2-KETOPIMELATE-LYSIS-RXN	RXN
R170-RXN	RXN
AMINOBUTDEHYDROG-RXN	RXN
RXN-6902	RXN
RXN-19185	RXN
RXN0-5055	RXN
3-HYDROXYDECANOYL-ACP-DEHYDR-RXN	RXN
RXN-9660	RXN
SULFITE-REDUCTASE-FERREDOXIN-RXN	RXN
R125-RXN	RXN
4-HYDROXYPHENYLPYRUVATE-DIOXYGENASE-RXN	RXN
RXN-19194	RXN
METHYLITACONATE-DELTA-ISOMERASE-RXN	RXN
3.4.11.1-RXN	RXN
RXN0-2145	RXN
RXN-9788	RXN
RXN-9657	RXN
RXN-9590	RXN
1.11.1.15-RXN	RXN
RXN-9516	RXN
RXN-7719	RXN
RXN0-1281	RXN
RXN-11480	RXN
RXN-11027	RXN
RXN0-7352	RXN
RXN-16616	RXN
RXN0-748	RXN
RXN0-7160	RXN
RXN0-2141	RXN
RXN0-7298	RXN
RXN-9556	RXN
1.8.4.14-RXN	RXN
RXN-17823	RXN
RXN-17363	RXN
PROPIONATE--COA-LIGASE-RXN	RXN
RXN-17224	RXN
RXN-2205	RXN
RXN0-7081	RXN
RXN0-7227	RXN
PROTEIN-KINASE-RXN	RXN
RXN-16630	RXN
RXN-8893	RXN
BIOTINLIG-RXN	RXN
4.2.1.61-RXN	RXN
RXN-15784	RXN
RXN0-7114	RXN
RXN-9531	RXN
RXN-13260	RXN
RXN-11836	RXN
RXN-8668	RXN
RXN-5741	RXN
LONG-CHAIN-ACYL-COA-DEHYDROGENASE-RXN	RXN
RXN-10659	RXN
RXN0-7066	RXN
HOLO-ACP-SYNTH-RXN	RXN
RXN-11845	RXN
RXN0-1133	RXN
1.2.1.2-RXN	RXN
RXN-9550	RXN
RXN-9527	RXN
1.1.1.136-RXN	RXN
RXN-10656	RXN
RXN-16664	RXN
PALMITOTRANS-RXN	RXN
GSADENYLATION-RXN	RXN
ACYLGPEACYLTRANS-RXN	RXN
3-OXOACYL-ACP-REDUCT-RXN	RXN
RXN-9661	RXN
2.1.1.63-RXN	RXN
RXN-13449	RXN
RXN-10903	RXN
RXN0-6731	RXN
RXN-8348	RXN
RXN-9523	RXN
1.18.1.2-RXN	RXN
RXN-7790	RXN
6.3.5.6-RXN	RXN
RXN0-6563	RXN
TAGAALDOL-RXN	RXN
RXN-20897	RXN
RXN-20429	RXN
RXN0-7192	RXN
RXN-9789	RXN
RXN-9658	RXN
RXN-7744	RXN
RXN-19922	RXN
RXN-20410	RXN
RXN0-5422	RXN
RXN-19949	RXN
ENOYL-ACP-REDUCT-NADH-RXN	RXN
RXN-15829	RXN
RXN0-947	RXN
RXN0-2142	RXN
2.7.13.1-RXN	RXN
RXN-14959	RXN
RXN-9557	RXN
RXN-9535	RXN
RXN-9514	RXN
RXN-17824	RXN
RXN-11478	RXN
RXN-11210	RXN
RXN-14131	RXN
RXN-15041	RXN
3.1.1.23-RXN	RXN
ERYTHRULOSE-REDUCTASE-RXN	RXN
RXN-19818	RXN
RXN-18396	RXN
R4-RXN	RXN
RXN-11193	RXN
NADH-DEHYDROG-A-RXN	RXN
2.8.3.9-RXN	RXN
RXN-15006	RXN
RXN0-5101	RXN
3-HYDROXBUTYRYL-COA-DEHYDRATASE-RXN	RXN
2.8.1.6-RXN	RXN
RXN-11633	RXN
RXN-12104	RXN
25-DIOXOVALERATE-DEHYDROGENASE-RXN	RXN
R345-RXN	RXN
HISTCYCLOHYD-RXN	RXN
RXN-17663	RXN
RXN0-4121	RXN
ARGININE-RACEMASE-RXN	RXN
2.7.7.33-RXN	RXN
RXN-11591	RXN
RXN-20677	RXN
RXN0-7123	RXN
RXN0-4341	RXN
RXN-20058	RXN
RXN0-5330	RXN
RXN-19249	RXN
RXN0-5268	RXN
RXN-13990	RXN
RXNQT-4171	RXN
RXN-17846	RXN
VAGL-RXN	RXN
MYO-INOSITOL-1OR-4-MONOPHOSPHATASE-RXN	RXN
RXNMETA-12671	RXN
SUCCINATE-DEHYDROGENASE-UBIQUINONE-RXN	RXN
RXN0-2301	RXN
3.4.11.18-RXN	RXN
RXN-16312	RXN
2.6.1.37-RXN	RXN
RXN-17393	RXN
RXN-12458	RXN
R601-RXN	RXN
RXN0-7231	RXN
RXN0-1081	RXN
3.5.1.87-RXN	RXN
RXN0-2042	RXN
RXN0-7346	RXN
RXN-14347	RXN
GLYCINE--TRNA-LIGASE-RXN	RXN
RXN0-7124	RXN
RXN0-6491	RXN
RXN-2425	RXN
RXN-18661	RXN
RXN0-7141	RXN
RXN0-7283	RXN
GLUTAMATE-N-ACETYLTRANSFERASE-RXN	RXN
1.6.5.6-RXN	RXN
TRANS-RXN-383	RXN
DIHYDROOROTATE-DEHYDROGENASE-RXN	RXN
TRNA-S-TRANSFERASE-RXN	RXN
RXN0-7078	RXN
LYSINE--TRNA-LIGASE-RXN	RXN
RXN0-3501	RXN
RXN-10139	RXN
RXN-17652	RXN
RXN-11833	RXN
RXN-11865	RXN
LYSOPHOSPHOLIPASE-RXN	RXN
ACYLCOADEHYDROG-RXN	RXN
1.1.1.178-RXN	RXN
RXN0-6554	RXN
RXN-11841	RXN
RXN-12300	RXN
RXN0-5388	RXN
LTAA-RXN	RXN
RXN-12332	RXN
RXN-19024	RXN
RXN-19774	RXN
RXN0-6999	RXN
LCYSDESULF-RXN	RXN
THIOPURINE-S-METHYLTRANSFERASE-RXN	RXN
RXN-15745	RXN
ACONITATEHYDR-RXN	RXN
TARTRATE-DEHYDROGENASE-RXN	RXN
DALADEHYDROG-RXN	RXN
RXN0-6373	RXN
ACETYLGLUTKIN-RXN	RXN
RXN0-6725	RXN
RXN-16165	RXN
PGPPHOSPHA-RXN	RXN
RXN490-3641	RXN
GALACTITOL-2-DEHYDROGENASE-RXN	RXN
1.4.3.19-RXN	RXN
RXN-13179	RXN
PHENYLALANINE--TRNA-LIGASE-RXN	RXN
ISOCITDEH-RXN	RXN
RXN0-6510	RXN
RXN-11718	RXN
3.1.3.77-RXN	RXN
FORMATE-DEHYDROGENASE-NADP+-RXN	RXN
1.2.1.25-RXN	RXN
RXN-14172	RXN
PCP4MONO-RXN	RXN
RXN-13158	RXN
RXN-12588	RXN
GLUTARYL-COA-DEHYDROGENASE-RXN	RXN
RXN-20886	RXN
2KETO-3METHYLVALERATE-RXN	RXN
RXN0-1134	RXN
RXN-14150	RXN
ISPH2-RXN	RXN
5.4.4.3-RXN	RXN
2KETO-4METHYL-PENTANOATE-DEHYDROG-RXN	RXN
RXN-14126	RXN
RXN-19334	RXN
RXN-14569	RXN
RXN-12625	RXN
ISOLEUCINE--TRNA-LIGASE-RXN	RXN
RXN-9726	RXN
RXN-13142	RXN
RXN1G01-63	RXN
RXN0-5226	RXN
RXN-7609	RXN
R342-RXN	RXN
RXN-13072	RXN
RXN-11181	RXN
NAG1P-URIDYLTRANS-RXN	RXN
RXN-12561	RXN
RXN-14932	RXN
RXN-16456	RXN
RXN-10700	RXN
HEMEOSYN-RXN	RXN
RXN-11596	RXN
RXN-15430	RXN
RXN0-4621	RXN
RXNQT-4168	RXN
2.1.1.133-RXN	RXN
HISTALDEHYD-RXN	RXN
3.4.13.18-RXN	RXN
N-CARBAMOYLPUTRESCINE-AMIDASE-RXN	RXN
RXN-20693	RXN
RXNI-2	RXN
RXN0-3461	RXN
RXNQT-4142	RXN
GUANIDINOBUTYRASE-RXN	RXN
QUERCETIN-23-DIOXYGENASE-RXN	RXN
RXN0-2584	RXN
METHENYLTHFCYCLOHYDRO-RXN	RXN
1.5.1.20-RXN	RXN
METHYLENETHFDEHYDROG-NADP-RXN	RXN
RXN0-7068	RXN
RXN-18710	RXN
THYMIDYLATESYN-RXN	RXN
5-FORMYL-THF-CYCLO-LIGASE-RXN	RXN
RXN-6321	RXN
METHIONYL-TRNA-FORMYLTRANSFERASE-RXN	RXN
GART-RXN	RXN
RXN-9736	RXN
DIHYDROFOLATEREDUCT-RXN	RXN
3-CH3-2-OXOBUTANOATE-OH-CH3-XFER-RXN	RXN
GCVMULTI-RXN	RXN
HOMOCYSMETB12-RXN	RXN
GLYOHMETRANS-RXN	RXN
GCVT-RXN	RXN
AICARTRANSFORM-RXN	RXN
FORMYLTHFDEFORMYL-RXN	RXN
RXN0-949	RXN
RXN0-5293_NAD	RXN
RXN0-5293_NADP	RXN
RXN-2962_NAD	RXN
RXN-2962_NADP	RXN
R501-RXN_NAD	RXN
R501-RXN_NADP	RXN
GLYC3PDEHYDROGBIOSYN-RXN_NAD	RXN
GLYC3PDEHYDROGBIOSYN-RXN_NADP	RXN
RXN-14756_NAD	RXN
RXN-14756_NADP	RXN
PYRROLINECARBREDUCT-RXN_NAD	RXN
PYRROLINECARBREDUCT-RXN_NADP	RXN
RXN-8166_NAD	RXN
RXN-8166_NADP	RXN
RXN-11965_NAD	RXN
RXN-11965_NADP	RXN
GLUTAMATE-DEHYDROGENASE-NADP+-RXN_NAD	RXN
GLUTAMATE-DEHYDROGENASE-NADP+-RXN_NADP	RXN
HYDROXYPYRUVATE-REDUCTASE-RXN_NAD	RXN
HYDROXYPYRUVATE-REDUCTASE-RXN_NADP	RXN
RXN-14014_NAD	RXN
RXN-14014_NADP	RXN
RXN-8739_NAD	RXN
RXN-8739_NADP	RXN
RXN-9958_NAD	RXN
RXN-9958_NADP	RXN
1.5.1.25-RXN_NAD	RXN
1.5.1.25-RXN_NADP	RXN
R621-RXN_NAD	RXN
R621-RXN_NADP	RXN
1.5.1.34-RXN_NAD	RXN
1.5.1.34-RXN_NADP	RXN
NQOR-RXN_NAD	RXN
NQOR-RXN_NADP	RXN
Protein_synthesis	RXN
DNA_synthesis	RXN
RNA_synthesis	RXN
ions_pool	RXN
ASNSYNA-RXN	RXN
HOMOSERKIN-RXN	RXN
SULFITE-REDUCT-RXN	RXN
SPONTPRO-RXN	RXN
PREPHENATEDEHYDROG-RXN	RXN
ADENYLYLSULFKIN-RXN	RXN
R01775	RXN
TETHYDPICSUCC-RXN	RXN
ATPASE-RXN_copy1	RXN
DM_CARBON-DIOXIDE_c	RXN
PSSA161	RXN
PSSA160	RXN
DIHYDRONEOPTERIN-MONO-P-DEPHOS-RXN	RXN
H2NEOPTERINP3PYROPHOSPHOHYDRO-RXN	RXN
GLYCOLALD-DEHYDROG-RXN	RXN
DM_CARBOXYL-GROUP_c	RXN
DM_DIHYDROXYPENTANEDIONE_c	RXN
DM_CPD0-2167_c	RXN
DM_ALCOHOL-GROUP_c	RXN
DM_ALLYSINE_c	RXN
PANTOTHENATE-KIN-RXN	RXN
NAD-SYNTH-NH3-RXN	RXN
THZPSN3	RXN
DM_OROTATE_c	RXN
PHA_synthetase	RXN
PHA_secretion	RXN
NGAM	RXN
